recording_url,call_id,call_date,user_name,duration,disposition,status
https://recordings.salesloft.com/c/101314/f43567b7-a6f3-4f86-baf6-fcbbe6060e64,334329081,2025-09-12,Unknown,3,No Answer,completed
https://recordings.salesloft.com/c/101314/1d82b3d6-f292-4b5f-a467-5d168f237b28,334328896,2025-09-12,Unknown,2,No Answer,completed
https://recordings.salesloft.com/c/101314/4fd6f0db-34c9-4ead-a859-74d14851706b,334328867,2025-09-12,Unknown,18,No Answer,completed
https://recordings.salesloft.com/c/101314/e5332047-29cd-4ae4-abf8-206b58d9c524,334305319,2025-09-11,Unknown,10,No Answer,completed
https://recordings.salesloft.com/c/101314/4d3a2ec1-521f-48bc-b275-518362e85365,334305249,2025-09-11,Unknown,74,No Answer,completed
https://recordings.salesloft.com/c/101314/8f8d6741-5f39-4f84-a581-c305db19bf70,334305058,2025-09-11,Unknown,58,No Answer,completed
https://recordings.salesloft.com/c/101314/fe565243-a390-405c-84b3-380a3b0baf8c,334304968,2025-09-11,Unknown,3,No Answer,completed
https://recordings.salesloft.com/c/101314/bc0fe805-4521-47b3-88db-29029c4e98d2,334304883,2025-09-11,Unknown,3,No Answer,completed
https://recordings.salesloft.com/c/101314/fd2fcc23-8c5f-4bb6-ba4f-9e90070f2718,334304770,2025-09-11,Unknown,6,No Answer,completed
https://recordings.salesloft.com/c/101314/c7153ad9-43d9-470a-a0b6-d0f6bfbfa996,334304650,2025-09-11,Unknown,6,No Answer,completed
https://recordings.salesloft.com/c/101314/75b48121-a50c-4748-8f46-b504222f06da,334304552,2025-09-11,Unknown,4,No Answer,completed
https://recordings.salesloft.com/c/101314/55e307d6-2e72-487e-9ede-7170b9e3105e,334304523,2025-09-11,Unknown,6,No Answer,completed
https://recordings.salesloft.com/c/101314/e08df559-8906-4f9d-bdde-68f56552a11c,334304258,2025-09-11,Unknown,2,No Answer,completed
https://recordings.salesloft.com/c/101314/96991249-62cd-4bfe-b46a-47c7f06fd067,334304159,2025-09-11,Unknown,17,Rejected,completed
https://recordings.salesloft.com/c/101314/b3be5cdd-64e8-4cb6-b8c4-8772a01b06e1,334304070,2025-09-11,Unknown,6,No Answer,completed
https://recordings.salesloft.com/c/101314/12650127-c755-48ac-ae78-5af4da493520,334303862,2025-09-11,Unknown,,No Answer,completed
https://recordings.salesloft.com/c/101314/4902c8f4-3347-473d-b0c6-4c1beda69c0e,334303862,2025-09-11,Unknown,,No Answer,completed
https://recordings.salesloft.com/c/101314/9f3425cb-2f33-4e0b-8871-65da08534607,334298997,2025-09-11,Unknown,144,No Answer,completed
https://recordings.salesloft.com/c/101314/757467f6-1d21-4bfe-9123-d700293832d7,334298997,2025-09-11,Unknown,144,No Answer,completed
https://recordings.salesloft.com/c/101314/47b084d2-2fd8-4376-a744-4b01b6a7c63a,334296985,2025-09-11,Unknown,4,No Answer,completed
https://recordings.salesloft.com/c/101314/c10be553-e2a8-4326-ae03-bb8015a256ef,334295284,2025-09-11,Unknown,57,No Answer,completed
https://recordings.salesloft.com/c/101314/72f592af-68da-42c2-b2f4-78ed90130332,334294289,2025-09-11,Unknown,2,No Answer,completed
https://recordings.salesloft.com/c/101314/1c84553b-d530-4878-9541-fde9fcb1522c,334293990,2025-09-11,Unknown,36,No Answer,completed
https://recordings.salesloft.com/c/101314/7212f654-8f8d-4251-8461-1fe24d4fa1b1,334293644,2025-09-11,Unknown,14,No Answer,completed
https://recordings.salesloft.com/c/101314/65dd1d8d-5b12-43b8-af2e-41f1b4650300,334293480,2025-09-11,Unknown,6,No Answer,completed
https://recordings.salesloft.com/c/101314/b2081b44-945e-497a-8afb-4cfcfbdaad79,334293356,2025-09-11,Unknown,4,Wrong Number,completed
https://recordings.salesloft.com/c/101314/a3a5c487-1216-4f23-9af2-314e561512b1,334292276,2025-09-11,Unknown,6,No Answer,completed
https://recordings.salesloft.com/c/101314/b1464d4c-1ddf-4915-b9d2-825e1180233e,334291975,2025-09-11,Unknown,26,No Answer,completed
https://recordings.salesloft.com/c/101314/4d63a0d4-e992-4f4e-af8d-c66396a4f621,334291832,2025-09-11,Unknown,4,No Answer,completed
https://recordings.salesloft.com/c/101314/ea1cc942-4ab8-4d73-8bd5-0ff18aace504,334291623,2025-09-11,Unknown,7,No Answer,completed
https://recordings.salesloft.com/c/101314/ff2bcc74-032d-4ca9-83b6-7ab793cc2450,334291318,2025-09-11,Unknown,3,No Answer,completed
https://recordings.salesloft.com/c/101314/b9da9f80-84a4-4afa-984a-7f3d02006c81,334291070,2025-09-11,Unknown,18,No Answer,completed
https://recordings.salesloft.com/c/101314/0c01445d-469b-4ba8-89d4-782197bcdefe,334290932,2025-09-11,Unknown,5,No Answer,completed
https://recordings.salesloft.com/c/101314/b0449be3-2493-42c2-b1ec-bdcf3276856b,334290631,2025-09-11,Unknown,2,No Answer,completed
https://recordings.salesloft.com/c/101314/31c2e317-75a3-4cf5-8295-a6d8754510e9,334290514,2025-09-11,Unknown,6,No Answer,completed
https://recordings.salesloft.com/c/101314/8bc445b6-9f63-409f-8b62-6bf72f74ffd6,334290279,2025-09-11,Unknown,5,No Answer,completed
https://recordings.salesloft.com/c/101314/9ee25dd7-c4a7-4857-aa23-2422dadd28fd,334290091,2025-09-11,Unknown,2,No Answer,completed
https://recordings.salesloft.com/c/101314/b15525df-83d1-463e-924f-6dfa647ea49a,334288185,2025-09-11,Unknown,43,No Answer,completed
https://recordings.salesloft.com/c/101314/a1b87a7d-c847-4711-9f67-83921f37b0c1,334287782,2025-09-11,Unknown,12,No Answer,completed
https://recordings.salesloft.com/c/101314/93536a4e-b530-4eb4-94d5-6e4e118c313b,334287893,2025-09-11,Unknown,6,No Answer,completed
https://recordings.salesloft.com/c/101314/cdd3cab2-4c88-494f-a82e-f5f7a4c51bc1,334287704,2025-09-11,Unknown,65,Connected,completed
https://recordings.salesloft.com/c/101314/98f71b77-3a7c-406e-9fce-4ba5dbfa01dc,334287632,2025-09-11,Unknown,3,No Answer,completed
https://recordings.salesloft.com/c/101314/2fba22e1-b740-432c-9a8a-dd73babf19b4,334287407,2025-09-11,Unknown,1,No Answer,completed
https://recordings.salesloft.com/c/101314/58b8c907-1b48-436a-a49f-07e7b625907d,334287285,2025-09-11,Unknown,5,No Answer,completed
https://recordings.salesloft.com/c/101314/60aa7690-21f0-4bb5-aedc-8fcf085ce09c,334287071,2025-09-11,Unknown,8,No Answer,completed
https://recordings.salesloft.com/c/101314/feb45b32-560f-4883-b41b-1431dc703978,334286839,2025-09-11,Unknown,29,No Answer,completed
https://recordings.salesloft.com/c/101314/3df32476-f1ff-4787-8297-fb29095be7fd,334286624,2025-09-11,Unknown,10,No Answer,completed
https://recordings.salesloft.com/c/101314/e55da607-fbb2-4706-bf39-b55ee75150e8,334286605,2025-09-11,Unknown,25,No Answer,completed
https://recordings.salesloft.com/c/101314/92f91f92-5935-4663-91fe-d92d5dd5feed,334286435,2025-09-11,Unknown,3,No Answer,completed
https://recordings.salesloft.com/c/101314/939ac3ad-2ed7-4130-ae8b-b683278b2284,334286394,2025-09-11,Unknown,3,No Answer,completed
https://recordings.salesloft.com/c/101314/3f5e3272-e569-4122-8fe3-c59ab1041d7b,334286372,2025-09-11,Unknown,1,No Answer,completed
https://recordings.salesloft.com/c/101314/339eaa0b-d8b3-44f1-a682-3daa5421f934,334286307,2025-09-11,Unknown,21,No Answer,completed
https://recordings.salesloft.com/c/101314/e1bdf597-b87e-486d-8cec-88fbe186fb17,334286141,2025-09-11,Unknown,9,No Answer,completed
https://recordings.salesloft.com/c/101314/99763fc4-e0bd-4a4d-88fc-249878ea9911,334285909,2025-09-11,Unknown,16,No Answer,completed
https://recordings.salesloft.com/c/101314/1c40fc8f-1fa2-430d-8cde-c4e8cf5b15df,334285590,2025-09-11,Unknown,6,No Answer,completed
https://recordings.salesloft.com/c/101314/c397da07-358f-4952-abbc-eea0f65f2e98,334285332,2025-09-11,Unknown,21,No Answer,completed
https://recordings.salesloft.com/c/101314/d7b25077-7e78-4fb8-89b2-4ae5c0a1e9f5,334284965,2025-09-11,Unknown,3,No Answer,completed
https://recordings.salesloft.com/c/101314/26404cb9-3638-4590-b893-4fd9e08987f7,334284251,2025-09-11,Unknown,6,No Answer,completed
https://recordings.salesloft.com/c/101314/5ab0e472-d4a4-44f5-8764-1f9198077698,334284168,2025-09-11,Unknown,10,No Answer,completed
https://recordings.salesloft.com/c/101314/01b2790a-d6e1-41ae-bd27-8aff0d42bae3,334283901,2025-09-11,Unknown,11,No Answer,completed
https://recordings.salesloft.com/c/101314/4ad8fded-061f-43e5-ad38-9f0ec0444b59,334283882,2025-09-11,Unknown,2,No Answer,completed
https://recordings.salesloft.com/c/101314/1207b4c9-00a5-4c9e-934c-ce976f21b4ae,334283546,2025-09-11,Unknown,2,No Answer,completed
https://recordings.salesloft.com/c/101314/44e7caeb-0c93-433b-b3f2-b28ebb9289ee,334283390,2025-09-11,Unknown,11,No Answer,completed
https://recordings.salesloft.com/c/101314/967ed213-9908-4de9-9c85-a265f239ef31,334283262,2025-09-11,Unknown,7,No Answer,completed
https://recordings.salesloft.com/c/101314/5cf34452-3254-4d4c-84ab-e0e1d95613a0,334283070,2025-09-11,Unknown,1,No Answer,completed
https://recordings.salesloft.com/c/101314/4689ad1e-e3dd-4181-9205-982548658961,334282831,2025-09-11,Unknown,2,No Answer,completed
https://recordings.salesloft.com/c/101314/6c4559a9-2c47-435b-9d66-41e5a3227234,334282566,2025-09-11,Unknown,33,No Answer,completed
https://recordings.salesloft.com/c/101314/3871ab8d-0ef7-44a6-9673-d7e4b46101be,334282117,2025-09-11,Unknown,6,No Answer,completed
https://recordings.salesloft.com/c/101314/51cd6f1f-f3fc-4f8c-a518-487f3cee483f,334281934,2025-09-11,Unknown,27,No Answer,completed
https://recordings.salesloft.com/c/101314/2c69bbcd-2539-4a6f-9af7-ee911da7b025,334280970,2025-09-11,Unknown,6,No Answer,completed
https://recordings.salesloft.com/c/101314/bd9e081a-cb8e-471f-b2a7-01b399d3adf4,334280957,2025-09-11,Unknown,3,No Answer,completed
https://recordings.salesloft.com/c/101314/9f18ced5-ab39-4e31-b4a4-3b357eb910ba,334280721,2025-09-11,Unknown,3,No Answer,completed
https://recordings.salesloft.com/c/101314/eb4f9336-304f-4077-9bbe-c28bd1a9c687,334279996,2025-09-11,Unknown,36,No Answer,completed
https://recordings.salesloft.com/c/101314/3b1f9f20-3300-403a-8a83-1da234b7d8f2,334279712,2025-09-11,Unknown,2,No Answer,completed
https://recordings.salesloft.com/c/101314/c6ee8900-c659-4011-acdc-6710f2bfa1c1,334279652,2025-09-11,Unknown,35,No Answer,completed
https://recordings.salesloft.com/c/101314/a228a0cc-6249-456a-9cee-8ccc1e4d9f5b,334277861,2025-09-11,Unknown,2,No Answer,completed
https://recordings.salesloft.com/c/101314/8ba767ea-ff42-4132-abe5-9be9bdd9a9a1,334277753,2025-09-11,Unknown,106,Connected,completed
https://recordings.salesloft.com/c/101314/89dad73b-6680-4d35-8c7d-8ceb5ec98785,334276083,2025-09-11,Unknown,4,No Answer,completed
https://recordings.salesloft.com/c/101314/182d8540-d07c-4626-b67b-279a248f58ff,334275130,2025-09-11,Unknown,3,No Answer,completed
https://recordings.salesloft.com/c/101314/1c717593-5289-4238-8002-fbfec0fc437a,334274726,2025-09-11,Unknown,4,No Answer,completed
https://recordings.salesloft.com/c/101314/aa356e66-7363-48f0-8112-f79514ca8d0c,334274326,2025-09-11,Unknown,141,Connected,completed
https://recordings.salesloft.com/c/101314/6c6e87d7-9554-4091-95fb-12cd7ec0d05a,334274254,2025-09-11,Unknown,8,No Answer,completed
https://recordings.salesloft.com/c/101314/989183e7-906a-4ff8-bd8a-b2e961a3ccae,334273622,2025-09-11,Unknown,64,No Answer,completed
https://recordings.salesloft.com/c/101314/4a7dab55-7715-4fa4-b436-8ba87eb7523c,334273571,2025-09-11,Unknown,6,No Answer,completed
https://recordings.salesloft.com/c/101314/c384d9de-e2e0-48b0-821c-e34eee298906,334272060,2025-09-11,Unknown,5,No Answer,completed
https://recordings.salesloft.com/c/101314/34ff33ca-5adc-44d0-a366-72e23687f9f7,334271273,2025-09-11,Unknown,26,No Answer,completed
https://recordings.salesloft.com/c/101314/eced3d18-42ec-4f78-b179-e4b5465c652e,334270995,2025-09-11,Unknown,36,No Answer,completed
https://recordings.salesloft.com/c/101314/e526edae-0433-4bd8-b86d-50339b899fd5,334270848,2025-09-11,Unknown,3,No Answer,completed
https://recordings.salesloft.com/c/101314/f2e4aae5-1a34-4b9e-a69b-6791a79ae28d,334270611,2025-09-11,Unknown,4,No Answer,completed
https://recordings.salesloft.com/c/101314/55223187-aac4-40fb-a19f-f5dfc3eabf2b,334270398,2025-09-11,Unknown,39,No Answer,completed
https://recordings.salesloft.com/c/101314/3593f671-3721-4a52-b26d-02bb3cd969c7,334270008,2025-09-11,Unknown,37,No Answer,completed
https://recordings.salesloft.com/c/101314/36f1eb38-e007-4749-9a58-86e68220000a,334269482,2025-09-11,Unknown,36,No Answer,completed
https://recordings.salesloft.com/c/101314/3ad57625-2ee4-40d8-94da-dc48cd58e0dd,334269336,2025-09-11,Unknown,6,No Answer,completed
https://recordings.salesloft.com/c/101314/84a36803-c18e-40f9-8071-8b2d0485de8b,334269227,2025-09-11,Unknown,7,No Answer,completed
https://recordings.salesloft.com/c/101314/bfb6278f-59b4-445e-a2ed-80c1e861cb4c,334269048,2025-09-11,Unknown,3,No Answer,completed
https://recordings.salesloft.com/c/101314/4ba5bec3-531e-48f0-bd63-1b8215619b45,334268974,2025-09-11,Unknown,7,No Answer,completed
https://recordings.salesloft.com/c/101314/dcdeaa9b-d249-4931-9be3-85c39422655c,334268977,2025-09-11,Unknown,3,No Answer,completed
https://recordings.salesloft.com/c/101314/65643988-fcc7-4027-ad6f-d1fcad0bf7ea,334268769,2025-09-11,Unknown,27,No Answer,completed
https://recordings.salesloft.com/c/101314/50023dd4-9069-4849-94b4-58f2b536edc9,334268696,2025-09-11,Unknown,1,No Answer,completed
https://recordings.salesloft.com/c/101314/225287b3-2b01-4778-b543-42f1f6082388,334267844,2025-09-11,Unknown,31,No Answer,completed
https://recordings.salesloft.com/c/101314/66109d40-b0bb-498e-ab04-2c295306ea75,334267815,2025-09-11,Unknown,29,Left Voicemail,completed
https://recordings.salesloft.com/c/101314/8c82e8dd-2584-4621-9bc7-8222957b41c6,334267526,2025-09-11,Unknown,29,No Answer,completed
https://recordings.salesloft.com/c/101314/99ef4b81-23f3-4fba-9a1e-4c7a445f4361,334267442,2025-09-11,Unknown,31,No Answer,completed
https://recordings.salesloft.com/c/101314/1135e9f5-767a-412c-bf23-61df7d40e874,334267231,2025-09-11,Unknown,30,No Answer,completed
https://recordings.salesloft.com/c/101314/a648ac2c-4d63-4815-a02c-aa0ef3935086,334266719,2025-09-11,Unknown,9,No Answer,completed
https://recordings.salesloft.com/c/101314/f4189c64-9840-4c62-bddc-10cd145769cf,334266162,2025-09-11,Unknown,3,No Answer,completed
https://recordings.salesloft.com/c/101314/4a5ec975-3e8e-4a60-80bc-00ac82175dc4,334266114,2025-09-11,Unknown,8,No Answer,completed
https://recordings.salesloft.com/c/101314/40e0dae0-0fb4-4a8d-92d7-718be2ccaefd,334265676,2025-09-11,Unknown,31,No Answer,completed
https://recordings.salesloft.com/c/101314/ca8d7a80-2414-4a45-95c3-4fc903f58c11,334264822,2025-09-11,Unknown,60,No Answer,completed
https://recordings.salesloft.com/c/101314/5d4773b1-ee28-4540-8944-b6bbadebc2e5,334264111,2025-09-11,Unknown,69,No Answer,completed
https://recordings.salesloft.com/c/101314/6e50b020-6d18-491e-b9ca-9c366bc4d1dc,334263356,2025-09-11,Unknown,2,No Answer,completed
https://recordings.salesloft.com/c/101314/cde43576-8ad5-46da-958e-5999035e3320,334263030,2025-09-11,Unknown,4,No Answer,completed
https://recordings.salesloft.com/c/101314/b486be39-9de0-4b9f-a1ac-2cda6aba95f3,334262719,2025-09-11,Unknown,26,No Answer,completed
https://recordings.salesloft.com/c/101314/2685b755-8937-40d8-9c23-e7631f65e89b,334262004,2025-09-11,Unknown,2,No Answer,completed
https://recordings.salesloft.com/c/101314/26c90023-58fd-45d1-9ea3-865fff61b330,334261972,2025-09-11,Unknown,17,No Answer,completed
https://recordings.salesloft.com/c/101314/b7cc9721-dcbb-45d6-9d14-c38fd137a3b9,334258915,2025-09-11,Unknown,68,Left Voicemail,completed
https://recordings.salesloft.com/c/101314/fcc3474a-d6a5-4e83-ba7d-3f04a91d7262,334258788,2025-09-11,Unknown,6,No Answer,completed
https://recordings.salesloft.com/c/101314/e84fb782-4eee-400a-95e3-fb101ec8e375,334258790,2025-09-11,Unknown,2,No Answer,completed
https://recordings.salesloft.com/c/101314/5ea30ee7-03b5-42f5-88c2-76da3ad697b3,334258482,2025-09-11,Unknown,17,Connected,completed
https://recordings.salesloft.com/c/101314/ceaef8d4-accd-4f66-b0d0-ec602b3961c7,334257662,2025-09-11,Unknown,51,No Answer,completed
https://recordings.salesloft.com/c/101314/c4bb2761-a4ff-419f-8a4e-18cbb210df6f,334257662,2025-09-11,Unknown,51,No Answer,completed
https://recordings.salesloft.com/c/101314/11b71b06-9165-48dc-b67d-a6c1b5f04ef3,334257605,2025-09-11,Unknown,384,Connected,completed
https://recordings.salesloft.com/c/101314/d58964af-3f59-42ed-a2b9-4ff9096695b4,334257605,2025-09-11,Unknown,384,Connected,completed
https://recordings.salesloft.com/c/101314/46ec2fea-38e8-4a2d-a0ef-eecaea7cf1e8,334254458,2025-09-11,Unknown,30,No Answer,completed
https://recordings.salesloft.com/c/101314/f8341aeb-ad07-4c3e-9ff0-5950961731e2,334254319,2025-09-11,Unknown,7,No Answer,completed
https://recordings.salesloft.com/c/101314/c950cb0c-bd3c-4ed8-93ec-bc6900a5412e,334254177,2025-09-11,Unknown,45,No Answer,completed
https://recordings.salesloft.com/c/101314/be95e8ab-3e68-4ee0-90b5-ca7f8dcd4742,334253903,2025-09-11,Unknown,89,Left Voicemail,completed
https://recordings.salesloft.com/c/101314/e287bcf3-9189-4892-816a-5d9ce7ebae6b,334253631,2025-09-11,Unknown,4,No Answer,completed
https://recordings.salesloft.com/c/101314/ff43d386-40da-4a8e-b0d7-343b88d11a6a,334253416,2025-09-11,Unknown,7,No Answer,completed
https://recordings.salesloft.com/c/101314/551d5206-5bf2-4d65-8528-6f39cda61c26,334253383,2025-09-11,Unknown,10,No Answer,completed
https://recordings.salesloft.com/c/101314/0348fb14-cd37-496b-8e52-2557d5708e50,334253154,2025-09-11,Unknown,5,No Answer,completed
https://recordings.salesloft.com/c/101314/c6041550-2feb-4678-9dc6-9ef0c1820b8d,334253131,2025-09-11,Unknown,14,No Answer,completed
https://recordings.salesloft.com/c/101314/cfdf5f1c-3732-409c-8925-cef6677942a8,334253006,2025-09-11,Unknown,3,No Answer,completed
https://recordings.salesloft.com/c/101314/011e78fb-e7f7-4341-8298-2452c8e14511,334252760,2025-09-11,Unknown,5,No Answer,completed
https://recordings.salesloft.com/c/101314/c83f916d-40e4-495d-83ab-cdcef2dc6841,334252520,2025-09-11,Unknown,56,No Answer,completed
https://recordings.salesloft.com/c/101314/8232bad1-0126-4c42-a5ef-076c106c248a,334252452,2025-09-11,Unknown,5,No Answer,completed
https://recordings.salesloft.com/c/101314/7e1e5e54-3b53-47e7-9f67-3843ff2f1e7e,334252403,2025-09-11,Unknown,52,No Answer,completed
https://recordings.salesloft.com/c/101314/7a8f903f-06e3-4834-bc99-3e0734c7e0bd,334252219,2025-09-11,Unknown,58,Left Voicemail,completed
https://recordings.salesloft.com/c/101314/e09982c3-199e-49e5-a018-017373514f09,334252219,2025-09-11,Unknown,58,Left Voicemail,completed
https://recordings.salesloft.com/c/101314/7a7fe98d-344f-4eab-80f6-f8fa274ec5d2,334252124,2025-09-11,Unknown,4,No Answer,completed
https://recordings.salesloft.com/c/101314/232c7e43-5c41-46b7-a1c4-2de1ce45df10,334252122,2025-09-11,Unknown,83,No Answer,completed
https://recordings.salesloft.com/c/101314/c9e38d57-9c6a-4022-9c2d-1fae94149131,334252122,2025-09-11,Unknown,83,No Answer,completed
https://recordings.salesloft.com/c/101314/7bfda9fe-2ec9-4bce-8bdf-bc5b91b48bcd,334252122,2025-09-11,Unknown,83,No Answer,completed
https://recordings.salesloft.com/c/101314/a259be82-043d-4b90-8ae7-4e748b37ba15,334252088,2025-09-11,Unknown,5,No Answer,completed
https://recordings.salesloft.com/c/101314/7ee65268-cb72-455f-8b9d-ae84aa6d4286,334252011,2025-09-11,Unknown,5,No Answer,completed
https://recordings.salesloft.com/c/101314/52ecf7e3-dabc-4dc3-a978-7252530390b6,334251886,2025-09-11,Unknown,42,No Answer,completed
https://recordings.salesloft.com/c/101314/5bda86c0-0164-48c7-9577-a7e714f6db48,334251788,2025-09-11,Unknown,13,No Answer,completed
https://recordings.salesloft.com/c/101314/fb3af72a-d887-4e17-96dc-827c247208ef,334251536,2025-09-11,Unknown,11,No Answer,completed
https://recordings.salesloft.com/c/101314/3fe6cb84-8688-4aad-a734-e8a217c2f934,334251424,2025-09-11,Unknown,2,No Answer,completed
https://recordings.salesloft.com/c/101314/1a11f974-9403-4d8a-bd44-b58a09150c74,334251301,2025-09-11,Unknown,4,No Answer,completed
https://recordings.salesloft.com/c/101314/78949f28-d023-49fe-9f70-480f91f30595,334251131,2025-09-11,Unknown,2,No Answer,completed
https://recordings.salesloft.com/c/101314/beefbd9e-b322-4c37-9c24-e01de8f61ce6,334251109,2025-09-11,Unknown,11,No Answer,completed
https://recordings.salesloft.com/c/101314/75654414-6fd2-4634-9e93-7b0f9511c8c1,334250919,2025-09-11,Unknown,9,No Answer,completed
https://recordings.salesloft.com/c/101314/c67e4a4f-8584-48c0-9fff-568b4d4e5a9f,334250855,2025-09-11,Unknown,34,No Answer,completed
https://recordings.salesloft.com/c/101314/68b89237-27fa-44bf-80b0-c38eb8de8a9c,334250797,2025-09-11,Unknown,3,No Answer,completed
https://recordings.salesloft.com/c/101314/c9effd2e-6d2f-48be-a555-69b62bda16cf,334250701,2025-09-11,Unknown,54,No Answer,completed
https://recordings.salesloft.com/c/101314/a60b561a-c8fc-4894-837c-fe7852c373f2,334250603,2025-09-11,Unknown,11,No Answer,completed
https://recordings.salesloft.com/c/101314/a7586547-acd2-4ae9-a07f-42f1b6020c42,334250515,2025-09-11,Unknown,5,No Answer,completed
https://recordings.salesloft.com/c/101314/6a435deb-df08-40f9-9880-52f84e5e00f0,334250419,2025-09-11,Unknown,28,No Answer,completed
https://recordings.salesloft.com/c/101314/e8f0ed12-c418-4408-9633-e1031426e212,334250313,2025-09-11,Unknown,5,No Answer,completed
https://recordings.salesloft.com/c/101314/262133b2-29dc-44db-880d-5d0bcce4e96f,334250189,2025-09-11,Unknown,10,No Answer,completed
https://recordings.salesloft.com/c/101314/a8a94316-f656-4fd1-86bc-d62608ba1b3a,334249989,2025-09-11,Unknown,163,No Answer,completed
https://recordings.salesloft.com/c/101314/58706266-e26f-4af3-a397-b48d9439b8ab,334249800,2025-09-11,Unknown,6,No Answer,completed
https://recordings.salesloft.com/c/101314/a34b8461-a111-4275-95e2-ddeec9bc2aa0,334249592,2025-09-11,Unknown,53,Left Voicemail,completed
https://recordings.salesloft.com/c/101314/c2d1eaeb-0d1e-442c-b859-28a1efd12523,334249483,2025-09-11,Unknown,10,No Answer,completed
https://recordings.salesloft.com/c/101314/22016e5c-a390-47e2-91dd-24dfdaf57c09,334249336,2025-09-11,Unknown,9,No Answer,completed
https://recordings.salesloft.com/c/101314/7017e801-23b1-4688-a04b-7821322843db,334249245,2025-09-11,Unknown,6,No Answer,completed
https://recordings.salesloft.com/c/101314/03c3422d-2bc8-47a6-9c00-405adf415573,334249060,2025-09-11,Unknown,37,No Answer,completed
https://recordings.salesloft.com/c/101314/8188ba8a-0eaa-49d4-a9a0-ba4baa3c8a1a,334248986,2025-09-11,Unknown,6,No Answer,completed
https://recordings.salesloft.com/c/101314/cbca601c-672c-46bf-a18d-9d58ae9b1399,334248948,2025-09-11,Unknown,88,No Answer,completed
https://recordings.salesloft.com/c/101314/fd7a395d-455c-4a54-805f-0dc5a6991b08,334248709,2025-09-11,Unknown,6,No Answer,completed
https://recordings.salesloft.com/c/101314/dd7fac53-7e32-44a9-ad50-98923703aec8,334248653,2025-09-11,Unknown,53,No Answer,completed
https://recordings.salesloft.com/c/101314/b1f27938-f247-41c5-802e-faa3b5bacb7e,334248317,2025-09-11,Unknown,5,No Answer,completed
https://recordings.salesloft.com/c/101314/d569b329-c82c-49f7-a752-5b0ffdd4392c,334248216,2025-09-11,Unknown,62,No Answer,completed
https://recordings.salesloft.com/c/101314/b2e6b097-d4e4-4a57-a48b-d022d00628f3,334248173,2025-09-11,Unknown,2,No Answer,completed
https://recordings.salesloft.com/c/101314/c4d2bbc3-39e5-4efd-9be0-c248e664a8fc,334247994,2025-09-11,Unknown,47,No Answer,completed
https://recordings.salesloft.com/c/101314/18dd7ed3-8f75-4c1c-862c-0962fe73f818,334247589,2025-09-11,Unknown,44,No Answer,completed
https://recordings.salesloft.com/c/101314/a780162f-34db-46a5-831b-dc8bfe572085,334247527,2025-09-11,Unknown,3,No Answer,completed
https://recordings.salesloft.com/c/101314/564603b5-ace9-433b-9360-d08f65ff79fd,334247196,2025-09-11,Unknown,4,No Answer,completed
https://recordings.salesloft.com/c/101314/3b0e4b11-6053-46bb-a5b5-46dd9f895df3,334247005,2025-09-11,Unknown,4,No Answer,completed
https://recordings.salesloft.com/c/101314/5a1358a7-df01-4597-bf2b-659f8d9d4285,334246096,2025-09-11,Unknown,55,No Answer,completed
https://recordings.salesloft.com/c/101314/59e5e145-1e7b-4f12-9f61-fda537d70fda,334245510,2025-09-11,Unknown,176,Connected,completed
https://recordings.salesloft.com/c/101314/10c7b4a6-5196-41a1-aa43-4c90a4b34822,334244427,2025-09-11,Unknown,12,Left Voicemail,completed
https://recordings.salesloft.com/c/101314/fb8aef76-99a3-4eae-bfd9-ffc21fdaa22b,334243745,2025-09-11,Unknown,16,Left Voicemail,completed
https://recordings.salesloft.com/c/101314/ef6b46f3-67e8-4ec1-97a0-525f5f0baa5b,334242614,2025-09-11,Unknown,13,No Answer,completed
https://recordings.salesloft.com/c/101314/3fcb7689-74f9-48c9-a64b-8217a5140a10,334242279,2025-09-11,Unknown,53,Left Voicemail,completed
https://recordings.salesloft.com/c/101314/f1393f53-db1f-43ce-a7d4-6bec63d8f0b6,334241062,2025-09-11,Unknown,153,Connected,completed
https://recordings.salesloft.com/c/101314/ac91e746-9fef-4620-b49f-48ab420fee76,334240726,2025-09-11,Unknown,4,No Answer,completed
https://recordings.salesloft.com/c/101314/ccb13977-e81b-431b-b25e-56df633b6f03,334240701,2025-09-11,Unknown,67,No Answer,completed
https://recordings.salesloft.com/c/101314/bc601ca8-0844-4a40-ab2d-db523ee172e1,334240420,2025-09-11,Unknown,73,No Answer,completed
https://recordings.salesloft.com/c/101314/359b81a8-55fd-43c2-8b41-cd219b0e03b3,334240420,2025-09-11,Unknown,73,No Answer,completed
https://recordings.salesloft.com/c/101314/0c32a5cd-e967-46e6-9b3d-b6bb70ae8d5e,334240380,2025-09-11,Unknown,36,No Answer,completed
https://recordings.salesloft.com/c/101314/a9127de4-c5d0-442a-9bba-4a651f5863ae,334240083,2025-09-11,Unknown,46,No Answer,completed
https://recordings.salesloft.com/c/101314/29221672-9c63-49eb-b897-d6ace8ccf20f,334239997,2025-09-11,Unknown,11,No Answer,completed
https://recordings.salesloft.com/c/101314/39d6b79c-9338-4aab-b6f9-c2eaf5aec64b,334239522,2025-09-11,Unknown,21,No Answer,completed
https://recordings.salesloft.com/c/101314/25ec01a2-ff51-45a7-a4c2-45d83c5e019d,334239365,2025-09-11,Unknown,81,No Answer,completed
https://recordings.salesloft.com/c/101314/a73aeb6a-b2f0-4cd7-a6e6-33e7bdf3cc5a,334239271,2025-09-11,Unknown,2,No Answer,completed
https://recordings.salesloft.com/c/101314/6d77ed97-a53f-4e35-955e-47c76855ad7f,334239117,2025-09-11,Unknown,3,No Answer,completed
https://recordings.salesloft.com/c/101314/2e33e44a-6ba4-4f8f-88e5-1d2b59483aa1,334239036,2025-09-11,Unknown,38,No Answer,completed
https://recordings.salesloft.com/c/101314/fba91e29-d0f8-41ee-98fa-cb5955948dc3,334238753,2025-09-11,Unknown,4,No Answer,completed
https://recordings.salesloft.com/c/101314/3d43306e-537b-4bac-b0c0-faec1629af74,334238618,2025-09-11,Unknown,5,No Answer,completed
https://recordings.salesloft.com/c/101314/f6bfb564-2209-4c59-82a7-73a846aca776,334238553,2025-09-11,Unknown,21,Left Voicemail,completed
https://recordings.salesloft.com/c/101314/aa167374-946d-48fc-8d73-d24db0a83b61,334238532,2025-09-11,Unknown,23,Connected,completed
https://recordings.salesloft.com/c/101314/0fcb1fc8-a3a4-4fa1-9b15-6606ccfa655d,334238475,2025-09-11,Unknown,3,No Answer,completed
https://recordings.salesloft.com/c/101314/20dc078a-23cd-451e-8056-33b5a0644d51,334238349,2025-09-11,Unknown,16,Wrong Number,completed
https://recordings.salesloft.com/c/101314/1ca65383-574b-4874-94fb-848209fece36,334238024,2025-09-11,Unknown,2,No Answer,completed
https://recordings.salesloft.com/c/101314/6858cdfd-25ae-4828-9266-ee497199e308,334237744,2025-09-11,Unknown,4,No Answer,completed
https://recordings.salesloft.com/c/101314/fa323d05-5a30-45b2-a87c-fe7f4c243b5d,334237744,2025-09-11,Unknown,4,No Answer,completed
https://recordings.salesloft.com/c/101314/453e3b54-7a38-44a2-a597-e364a84f82cf,334237736,2025-09-11,Unknown,3,No Answer,completed
https://recordings.salesloft.com/c/101314/73e60c94-0081-4ca9-9958-05afb097e2a3,334237567,2025-09-11,Unknown,30,No Answer,completed
https://recordings.salesloft.com/c/101314/10e50477-555c-4f94-baf4-8e726cdf776b,334237492,2025-09-11,Unknown,2,No Answer,completed
https://recordings.salesloft.com/c/101314/d214189a-ca53-4060-abf7-df82d37a0266,334237214,2025-09-11,Unknown,5,No Answer,completed
https://recordings.salesloft.com/c/101314/66a5deb2-42f0-40e9-8e3f-ecd7a5a24bdf,334237026,2025-09-11,Unknown,43,No Answer,completed
https://recordings.salesloft.com/c/101314/d769761e-3b30-4f16-bf94-63725a379f51,334236928,2025-09-11,Unknown,4,No Answer,completed
https://recordings.salesloft.com/c/101314/99f892cc-af9d-4231-84fe-b7e828adc671,334236928,2025-09-11,Unknown,4,No Answer,completed
https://recordings.salesloft.com/c/101314/ead5c0b0-cc4a-4bb1-a556-714de2682ba6,334236278,2025-09-11,Unknown,5,No Answer,completed
https://recordings.salesloft.com/c/101314/749e463d-fdb1-4c06-b5d1-e6aeb4b8ef76,334235901,2025-09-11,Unknown,1,No Answer,completed
https://recordings.salesloft.com/c/101314/86818ead-8553-430d-8212-cbe83973ad1b,334235609,2025-09-11,Unknown,6,No Answer,completed
https://recordings.salesloft.com/c/101314/0b682d3c-e8f5-4a77-922a-85a86e6ef4dd,334235521,2025-09-11,Unknown,2,No Answer,completed
https://recordings.salesloft.com/c/101314/05939d4c-1f28-4f3d-a721-6b6672e4dffe,334234924,2025-09-11,Unknown,22,Connected,completed
https://recordings.salesloft.com/c/101314/4122fa1e-f076-47e4-8df4-26f00ad149d2,334234424,2025-09-11,Unknown,3,No Answer,completed
https://recordings.salesloft.com/c/101314/40c02eb4-ffe5-4aba-a852-c3a1ab2b22e2,334234243,2025-09-11,Unknown,52,Left Voicemail,completed
https://recordings.salesloft.com/c/101314/bb66eacd-003d-4cab-a536-69d1b7116c43,334233841,2025-09-11,Unknown,36,No Answer,completed
https://recordings.salesloft.com/c/101314/5696da5c-359f-4f9f-b420-08bd94fad03e,334233370,2025-09-11,Unknown,4,No Answer,completed
https://recordings.salesloft.com/c/101314/cdc55c4a-f753-4bd5-93ec-31b6fa80cbe2,334233233,2025-09-11,Unknown,12,No Answer,completed
https://recordings.salesloft.com/c/101314/c615e81e-9225-42ee-b01b-f2026aa31874,334231397,2025-09-11,Unknown,35,Connected,completed
https://recordings.salesloft.com/c/101314/75c49f68-40b4-41b8-a912-bac71188260f,334230447,2025-09-11,Unknown,63,Left Voicemail,completed
https://recordings.salesloft.com/c/101314/12ce7948-2ca7-4d18-b098-19ed9e5e3e2c,334229393,2025-09-11,Unknown,12,No Answer,completed
https://recordings.salesloft.com/c/101314/18e38eb2-0d6d-4786-99ba-32d25ce54d5d,334229393,2025-09-11,Unknown,12,No Answer,completed
https://recordings.salesloft.com/c/101314/289e6b65-12b0-4489-bc26-bf295840c376,334228576,2025-09-11,Unknown,5,No Answer,completed
https://recordings.salesloft.com/c/101314/2e7252b2-9623-4fa9-93c3-0a49a292e6b9,334228372,2025-09-11,Unknown,5,No Answer,completed
https://recordings.salesloft.com/c/101314/801cc1b4-290f-40a6-aa25-997daa720382,334228294,2025-09-11,Unknown,78,No Answer,completed
https://recordings.salesloft.com/c/101314/8436b08d-513c-4059-8de0-e3e5d9cecb74,334227064,2025-09-11,Unknown,5,No Answer,completed
https://recordings.salesloft.com/c/101314/833cab26-82fd-48a5-949d-00abd48f8847,334226997,2025-09-11,Unknown,44,No Answer,completed
https://recordings.salesloft.com/c/101314/6a5fc908-f841-4988-9e4f-fae69537cf4a,334226553,2025-09-11,Unknown,8,No Answer,completed
https://recordings.salesloft.com/c/101314/142deabf-82cd-4164-beb3-c71368311e01,334226105,2025-09-11,Unknown,14,No Answer,completed
https://recordings.salesloft.com/c/101314/7aa80b4e-50ff-4fbf-99a6-c84ebff2d6b4,334226114,2025-09-11,Unknown,124,Left Voicemail,completed
https://recordings.salesloft.com/c/101314/50e778fd-2b57-4170-bb4a-e0b472e09e55,334226114,2025-09-11,Unknown,124,Left Voicemail,completed
https://recordings.salesloft.com/c/101314/91a278a9-6605-4a88-89c8-3bbbc2f0826e,334226114,2025-09-11,Unknown,124,Left Voicemail,completed
https://recordings.salesloft.com/c/101314/43679511-e633-497a-a711-8e0a5e705062,334225834,2025-09-11,Unknown,26,Left Voicemail,completed
https://recordings.salesloft.com/c/101314/74ea2329-553f-4cec-b361-301556405dc2,334225759,2025-09-11,Unknown,6,No Answer,completed
https://recordings.salesloft.com/c/101314/06075557-b645-49b3-81d6-94ffebc6ccc5,334225701,2025-09-11,Unknown,4,No Answer,completed
https://recordings.salesloft.com/c/101314/ab1453a2-f330-45cc-88ea-71acb3e7382a,334225532,2025-09-11,Unknown,13,No Answer,completed
https://recordings.salesloft.com/c/101314/94df85c0-8229-4c3e-96e7-1b1aaff602e1,334225120,2025-09-11,Unknown,6,No Answer,completed
https://recordings.salesloft.com/c/101314/66a12ff0-4bef-413a-abaa-dea4fd513fda,334225068,2025-09-11,Unknown,37,Left Voicemail,completed
https://recordings.salesloft.com/c/101314/17644bca-1ed8-48fb-9c2b-0c273ffec083,334224965,2025-09-11,Unknown,3,No Answer,completed
https://recordings.salesloft.com/c/101314/25b8d331-29e0-483e-824e-b1d97c699e6a,334224506,2025-09-11,Unknown,5,No Answer,completed
https://recordings.salesloft.com/c/101314/29314f4f-db63-4a2c-b38d-d7b3af76d9a0,334223676,2025-09-11,Unknown,4,No Answer,completed
https://recordings.salesloft.com/c/101314/bf62d24c-d6ff-46dd-9642-f4cf54a72cce,334223083,2025-09-11,Unknown,9,No Answer,completed
https://recordings.salesloft.com/c/101314/4912bab2-dfc8-4e67-96e7-9b8e3cbceee2,334222974,2025-09-11,Unknown,9,No Answer,completed
https://recordings.salesloft.com/c/101314/bd5213d0-6102-4b81-82b5-08d6f82ce5ed,334222768,2025-09-11,Unknown,79,Left Voicemail,completed
https://recordings.salesloft.com/c/101314/02a320e5-3c0a-4888-986f-e1c715ea7934,334222400,2025-09-11,Unknown,4,No Answer,completed
https://recordings.salesloft.com/c/101314/ca994373-7dc6-406a-ba46-cd5c88893f0d,334222143,2025-09-11,Unknown,54,No Answer,completed
https://recordings.salesloft.com/c/101314/b00df8c3-6c97-4959-9194-0e7d95392ffa,334222155,2025-09-11,Unknown,4,No Answer,completed
https://recordings.salesloft.com/c/101314/96cb0bee-d526-40ec-b1c9-aa2342ebb7eb,334221788,2025-09-11,Unknown,6,No Answer,completed
https://recordings.salesloft.com/c/101314/e9acc880-a7bb-4f01-8731-de80ca5c0a09,334221821,2025-09-11,Unknown,4,No Answer,completed
https://recordings.salesloft.com/c/101314/d04d1540-fa5f-4cb0-a7a0-b11f4e9ab78d,334221419,2025-09-11,Unknown,4,No Answer,completed
https://recordings.salesloft.com/c/101314/3d2428cc-f952-41f8-a4ed-4061da9e7ab6,334220948,2025-09-11,Unknown,28,No Answer,completed
https://recordings.salesloft.com/c/101314/60e59f30-488c-478d-882a-454b9453560e,334220933,2025-09-11,Unknown,7,No Answer,completed
https://recordings.salesloft.com/c/101314/408a7a67-fa22-4f00-ba4f-3eef282a5c8c,334220692,2025-09-11,Unknown,2,No Answer,completed
https://recordings.salesloft.com/c/101314/d580f55f-dcd1-4fa9-b065-c482c0b23ab9,334220151,2025-09-11,Unknown,7,No Answer,completed
https://recordings.salesloft.com/c/101314/78cdc6a7-4bd3-4a6f-b8ac-56b9250a723b,334219882,2025-09-11,Unknown,4,No Answer,completed
https://recordings.salesloft.com/c/101314/8319c955-46e9-4b48-8cac-9b490ea7f5a8,334219150,2025-09-11,Unknown,4,No Answer,completed
https://recordings.salesloft.com/c/101314/3ef818d5-76a6-48cd-80f2-22f3b5d560c0,334219127,2025-09-11,Unknown,7,No Answer,completed
https://recordings.salesloft.com/c/101314/ade0e0b8-dd5b-4929-8051-d4f5d82207d4,334218933,2025-09-11,Unknown,7,No Answer,completed
https://recordings.salesloft.com/c/101314/fda41059-0644-4ddf-8c49-37f18de6534a,334218681,2025-09-11,Unknown,3,No Answer,completed
https://recordings.salesloft.com/c/101314/4da0a25a-b015-421a-9c64-ab44c6bf3704,334218529,2025-09-11,Unknown,13,No Answer,completed
https://recordings.salesloft.com/c/101314/7d49bb8a-eb8c-4329-9165-f8d8282d8183,334218361,2025-09-11,Unknown,7,No Answer,completed
https://recordings.salesloft.com/c/101314/66ebe132-e589-4dea-bf41-7a537118ef75,334218252,2025-09-11,Unknown,4,No Answer,completed
https://recordings.salesloft.com/c/101314/19304fd6-3eda-4b27-81bc-d40879c0234a,334218179,2025-09-11,Unknown,10,No Answer,completed
https://recordings.salesloft.com/c/101314/e3434e4c-30b2-4938-9692-7e04dcb1cd84,334218076,2025-09-11,Unknown,21,No Answer,completed
https://recordings.salesloft.com/c/101314/a80af603-f23a-4b5a-81b9-6a056c72a8d1,334217970,2025-09-11,Unknown,2,No Answer,completed
https://recordings.salesloft.com/c/101314/aaf845ce-2949-404a-b5ae-9782ec067a7a,334217877,2025-09-11,Unknown,3,No Answer,completed
https://recordings.salesloft.com/c/101314/72e07e1d-f223-495c-8f64-cbeac3331ac1,334217817,2025-09-11,Unknown,7,No Answer,completed
https://recordings.salesloft.com/c/101314/3f674fb2-1fd4-422b-88fc-8a3b8ac953f4,334217816,2025-09-11,Unknown,2,No Answer,completed
https://recordings.salesloft.com/c/101314/6ef42c2b-9307-4021-879e-c4b55605d745,334217783,2025-09-11,Unknown,31,No Answer,completed
https://recordings.salesloft.com/c/101314/5b8eb44d-5e20-4000-b657-ed4336a42aa2,334217705,2025-09-11,Unknown,8,No Answer,completed
https://recordings.salesloft.com/c/101314/5d4e0a82-7139-4fec-8e06-29b112d34df4,334217587,2025-09-11,Unknown,34,No Answer,completed
https://recordings.salesloft.com/c/101314/dc82bb36-94a5-4ab8-a91c-aad20d25d6e2,334217549,2025-09-11,Unknown,5,No Answer,completed
https://recordings.salesloft.com/c/101314/4581411c-641c-4c6b-9d4a-679ec6721a01,334217539,2025-09-11,Unknown,2,No Answer,completed
https://recordings.salesloft.com/c/101314/e90a96c0-c0a8-4f27-ae8d-5adf28a57172,334217437,2025-09-11,Unknown,64,No Answer,completed
https://recordings.salesloft.com/c/101314/1e316879-ada3-4e02-bca5-d8deff3c5e38,334217363,2025-09-11,Unknown,5,No Answer,completed
https://recordings.salesloft.com/c/101314/11686136-3e72-4813-a75e-6b539adb25d9,334217215,2025-09-11,Unknown,23,No Answer,completed
https://recordings.salesloft.com/c/101314/7fadb1fe-873c-4f39-8dd7-0a26cc5bf25d,334217021,2025-09-11,Unknown,78,No Answer,completed
https://recordings.salesloft.com/c/101314/e09fe25d-322c-4ed6-b04f-6646c4fb7417,334216921,2025-09-11,Unknown,3,No Answer,completed
https://recordings.salesloft.com/c/101314/c598dcb9-8fd0-4ce1-ad44-8a07a0ba3c7b,334216749,2025-09-11,Unknown,2,No Answer,completed
https://recordings.salesloft.com/c/101314/6c7f634c-bfb6-4165-9f51-1be795c07adb,334216531,2025-09-11,Unknown,2,No Answer,completed
https://recordings.salesloft.com/c/101314/4b19ceec-4745-409d-a75b-54b2704b901e,334216517,2025-09-11,Unknown,45,No Answer,completed
https://recordings.salesloft.com/c/101314/286acf33-387f-465a-a9f3-8b0dacfacd6e,334216397,2025-09-11,Unknown,3,No Answer,completed
https://recordings.salesloft.com/c/101314/d777469b-5672-4f78-8118-62d2c0336222,334216149,2025-09-11,Unknown,6,No Answer,completed
https://recordings.salesloft.com/c/101314/12a0c1ee-5736-4078-87de-b4936406f06b,334215962,2025-09-11,Unknown,65,Left Voicemail,completed
https://recordings.salesloft.com/c/101314/e5fdcba6-74cf-4865-8237-de97352ee064,334215396,2025-09-11,Unknown,110,Left Voicemail,completed
https://recordings.salesloft.com/c/101314/36a4b295-38ab-4963-9a4c-20e38936c52e,334214867,2025-09-11,Unknown,1,No Answer,completed
https://recordings.salesloft.com/c/101314/4470c3cb-4b1d-4ade-b123-ea51c12c653e,334214702,2025-09-11,Unknown,17,No Answer,completed
https://recordings.salesloft.com/c/101314/208a2a25-5067-47f9-8f8d-6b4d320b207f,334214559,2025-09-11,Unknown,3,No Answer,completed
https://recordings.salesloft.com/c/101314/92ca9ccf-ceb1-4522-8b54-cc7e76d4a29e,334214326,2025-09-11,Unknown,4,No Answer,completed
https://recordings.salesloft.com/c/101314/a6f10fc3-d141-4dbf-a4f6-cbdd38d0c09a,334212722,2025-09-11,Unknown,25,No Answer,completed
https://recordings.salesloft.com/c/101314/e4add500-c510-4446-8434-498c57db11c3,334212497,2025-09-11,Unknown,7,No Answer,completed
https://recordings.salesloft.com/c/101314/65f5ff03-587d-4160-8dbf-3770f2d2bf55,334212403,2025-09-11,Unknown,6,No Answer,completed
https://recordings.salesloft.com/c/101314/aa143300-3d62-45ae-b25b-b649f2ad1845,334212122,2025-09-11,Unknown,37,No Answer,completed
https://recordings.salesloft.com/c/101314/6c8c5c7a-91cf-478b-b5a4-88d573b9f678,334211819,2025-09-11,Unknown,4,No Answer,completed
https://recordings.salesloft.com/c/101314/b18d9e3f-810d-4738-a445-4900e06de9a2,334211610,2025-09-11,Unknown,8,No Answer,completed
https://recordings.salesloft.com/c/101314/30904cbd-98f0-4384-bb46-e83b37e9f7f8,334211452,2025-09-11,Unknown,2,No Answer,completed
https://recordings.salesloft.com/c/101314/c70e2760-1d32-4071-9c66-1dc5e1662579,334211349,2025-09-11,Unknown,6,No Answer,completed
https://recordings.salesloft.com/c/101314/8c9629d4-aeb6-4144-bce1-bf620401f0fa,334211209,2025-09-11,Unknown,4,No Answer,completed
https://recordings.salesloft.com/c/101314/0408df63-93fe-4d23-80ce-7007d0cf51e5,334211131,2025-09-11,Unknown,4,No Answer,completed
https://recordings.salesloft.com/c/101314/bbbead44-7f32-48a3-a66d-ea643b08ffd0,334211009,2025-09-11,Unknown,13,Left Voicemail,completed
https://recordings.salesloft.com/c/101314/5179eb34-6f1d-4505-9b4c-86c1d7f36f1c,334210914,2025-09-11,Unknown,50,Left Voicemail,completed
https://recordings.salesloft.com/c/101314/f1433aee-71fd-4ff3-aad8-821360d90711,334210899,2025-09-11,Unknown,8,No Answer,completed
https://recordings.salesloft.com/c/101314/b57280e1-b11d-4183-80ee-6ec0cdb71616,334209885,2025-09-11,Unknown,8,No Answer,completed
https://recordings.salesloft.com/c/101314/0d203a1c-a9a5-4eb9-b01d-25ce8a562b4f,334209596,2025-09-11,Unknown,4,No Answer,completed
https://recordings.salesloft.com/c/101314/d0e4d4ec-8092-4faf-88b1-dde26c7942b5,334209378,2025-09-11,Unknown,2,No Answer,completed
https://recordings.salesloft.com/c/101314/c7973125-c592-41c7-968f-3f63fe6a724e,334209125,2025-09-11,Unknown,48,No Answer,completed
https://recordings.salesloft.com/c/101314/4237e41c-7ec5-4e48-8220-4f03f3f01c09,334209053,2025-09-11,Unknown,107,No Answer,completed
https://recordings.salesloft.com/c/101314/ff945926-de60-4d80-a828-bc8050a5df37,334208848,2025-09-11,Unknown,4,No Answer,completed
https://recordings.salesloft.com/c/101314/3315fb2e-96ce-45e1-bd82-2f2b0f6fe803,334207862,2025-09-11,Unknown,404,Connected,completed
https://recordings.salesloft.com/c/101314/56586f49-006e-4a9c-82a8-d1ff07856cf7,334207910,2025-09-11,Unknown,62,Left Voicemail,completed
https://recordings.salesloft.com/c/101314/d06795e4-00b8-4386-b1a5-486bc2d490d1,334205233,2025-09-11,Unknown,109,Left Voicemail,completed
https://recordings.salesloft.com/c/101314/3bd3be0d-2128-49bb-9e06-0a82ac668df3,334204735,2025-09-11,Unknown,8,No Answer,completed
https://recordings.salesloft.com/c/101314/4b02f6d5-b5f3-4db9-94d0-cb0577a8e264,334203939,2025-09-11,Unknown,81,Connected,completed
https://recordings.salesloft.com/c/101314/f40b9fc3-4d0a-4fea-8f36-eacf36533317,334202393,2025-09-11,Unknown,2,No Answer,completed
https://recordings.salesloft.com/c/101314/6e6fffe3-0d3a-4129-93d4-4b7d9933948d,334202245,2025-09-11,Unknown,145,Connected,completed
https://recordings.salesloft.com/c/101314/ef9bae03-6d2f-461e-a952-ecae4ed42303,334201669,2025-09-11,Unknown,106,Connected,completed
https://recordings.salesloft.com/c/101314/a64c48fc-a481-46a5-87d5-fb6a0aa772f8,334201578,2025-09-11,Unknown,7,No Answer,completed
https://recordings.salesloft.com/c/101314/24aa33f7-58d9-4c86-9263-880d49f93737,334201292,2025-09-11,Unknown,4,No Answer,completed
https://recordings.salesloft.com/c/101314/b13fac24-73a5-4be8-bdd0-13c4ea3a6ae0,334200449,2025-09-11,Unknown,41,Connected,completed
https://recordings.salesloft.com/c/101314/c798d9dd-1603-4083-9ac2-725937ce0900,334200361,2025-09-11,Unknown,9,No Answer,completed
https://recordings.salesloft.com/c/101314/850cb2f6-ff06-49a5-9efc-82cbb82c1925,334200079,2025-09-11,Unknown,6,No Answer,completed
https://recordings.salesloft.com/c/101314/2d771f6d-794b-4085-b873-75a01872bfd7,334200100,2025-09-11,Unknown,71,Connected,completed
https://recordings.salesloft.com/c/101314/00ba7158-d8f4-4279-b33d-448bf75d22aa,334199979,2025-09-11,Unknown,187,Connected,completed
https://recordings.salesloft.com/c/101314/6c141c51-3df9-4012-96df-cb3c450956d9,334199896,2025-09-11,Unknown,51,No Answer,completed
https://recordings.salesloft.com/c/101314/0067c38c-fd5f-4f56-b884-563c44b96f11,334199701,2025-09-11,Unknown,4,No Answer,completed
https://recordings.salesloft.com/c/101314/c67b69ed-10ce-4cd7-9e04-ef3c984a457a,334199613,2025-09-11,Unknown,51,No Answer,completed
https://recordings.salesloft.com/c/101314/896e13a8-a306-4ec1-acc7-7a10bb9f4591,334199496,2025-09-11,Unknown,31,Left Voicemail,completed
https://recordings.salesloft.com/c/101314/48c4e241-8447-4568-aae6-023fcf4484a0,334199305,2025-09-11,Unknown,24,No Answer,completed
https://recordings.salesloft.com/c/101314/51832421-ebd6-4a7a-a828-cc90f6b19477,334199144,2025-09-11,Unknown,30,No Answer,completed
https://recordings.salesloft.com/c/101314/d2712c2f-6d99-492d-9e13-1bf0317a33be,334198971,2025-09-11,Unknown,34,No Answer,completed
https://recordings.salesloft.com/c/101314/9529f755-3740-4430-8266-fc3b5bb05230,334198792,2025-09-11,Unknown,61,No Answer,completed
https://recordings.salesloft.com/c/101314/d6c0cefc-9f34-4bf9-97ef-71abe5c3614a,334198468,2025-09-11,Unknown,64,No Answer,completed
https://recordings.salesloft.com/c/101314/b8ef902e-d8e7-4d2d-aff6-af66e806054e,334198375,2025-09-11,Unknown,5,No Answer,completed
https://recordings.salesloft.com/c/101314/36fba277-ae11-4d05-abc8-93efe2bc14e6,334198252,2025-09-11,Unknown,35,Left Voicemail,completed
https://recordings.salesloft.com/c/101314/90fafa37-9cde-4d6d-9ef6-8df1fabb5e8b,334198144,2025-09-11,Unknown,6,No Answer,completed
https://recordings.salesloft.com/c/101314/5dd2f071-6e6b-4f0a-8358-6c923a29b8f1,334197911,2025-09-11,Unknown,50,Left Voicemail,completed
https://recordings.salesloft.com/c/101314/18be7805-3494-4e0b-9e12-ceb375150806,334197761,2025-09-11,Unknown,0,No Answer,completed
https://recordings.salesloft.com/c/101314/55b98714-119e-421f-8f01-5bb1e3b179f8,334197735,2025-09-11,Unknown,11,No Answer,completed
https://recordings.salesloft.com/c/101314/93a8f062-b622-4d26-af56-6721c889276c,334197415,2025-09-11,Unknown,3,No Answer,completed
https://recordings.salesloft.com/c/101314/08918c9b-4ed7-4383-a6b1-1fd955a5fe60,334197049,2025-09-11,Unknown,43,No Answer,completed
https://recordings.salesloft.com/c/101314/d3c83969-b99a-4126-9c3e-e8853c1e1f03,334196738,2025-09-11,Unknown,75,No Answer,completed
https://recordings.salesloft.com/c/101314/eb118479-a94d-42d8-8d8e-bedb2f3abcc7,334196311,2025-09-11,Unknown,17,No Answer,completed
https://recordings.salesloft.com/c/101314/401d0a9a-2455-45d0-8dac-0b986bdd5d22,334196172,2025-09-11,Unknown,76,No Answer,completed
https://recordings.salesloft.com/c/101314/151c8bd5-5349-4e58-b527-bc50972c742a,334196029,2025-09-11,Unknown,113,No Answer,completed
https://recordings.salesloft.com/c/101314/c33a8ff7-ea6e-423d-9756-a937178bb00d,334196029,2025-09-11,Unknown,113,No Answer,completed
https://recordings.salesloft.com/c/101314/6813fadf-5e2f-4262-a5b4-ffe1a769c106,334195750,2025-09-11,Unknown,44,No Answer,completed
https://recordings.salesloft.com/c/101314/a386601f-529c-4094-918e-dfc0e61fedec,334195427,2025-09-11,Unknown,63,No Answer,completed
https://recordings.salesloft.com/c/101314/d8e437f3-f9af-40e9-8b3e-6c1c0ab5c056,334195078,2025-09-11,Unknown,83,No Answer,completed
https://recordings.salesloft.com/c/101314/e655ddf7-09f8-44dd-879f-e2d16b041a5b,334194669,2025-09-11,Unknown,8,No Answer,completed
https://recordings.salesloft.com/c/101314/d270cfff-7478-4c4b-bdfb-141ac5cf0fd5,334194539,2025-09-11,Unknown,17,No Answer,completed
https://recordings.salesloft.com/c/101314/fa38e43c-9058-4d88-8424-fcf842739eee,334194232,2025-09-11,Unknown,72,No Answer,completed
https://recordings.salesloft.com/c/101314/82e8b3ff-bb55-4f56-837a-e1460934982b,334193815,2025-09-11,Unknown,42,No Answer,completed
https://recordings.salesloft.com/c/101314/a739b2ae-5fd7-4664-a4e5-d8bc620e6f76,334193591,2025-09-11,Unknown,59,No Answer,completed
https://recordings.salesloft.com/c/101314/403e6d11-4f20-4998-b575-bfa77e1d648e,334193202,2025-09-11,Unknown,3,No Answer,completed
https://recordings.salesloft.com/c/101314/f0575356-b9fd-4a82-a39c-8d440f2f04d0,334193042,2025-09-11,Unknown,16,No Answer,completed
https://recordings.salesloft.com/c/101314/f0d78d1c-4ce8-43ab-bfb5-c069082d6c29,334192765,2025-09-11,Unknown,84,Left Voicemail,completed
https://recordings.salesloft.com/c/101314/ddbd4efe-eb3f-4619-aa00-5923f3dc6795,334192555,2025-09-11,Unknown,294,Connected,completed
https://recordings.salesloft.com/c/101314/7445f0fe-f310-44f2-882f-7600e03c8f50,334192487,2025-09-11,Unknown,6,No Answer,completed
https://recordings.salesloft.com/c/101314/508f830b-a55c-4f8f-81c9-0afaccf513bd,334191723,2025-09-11,Unknown,37,Left Voicemail,completed
https://recordings.salesloft.com/c/101314/9e55b0fd-23cf-4b90-8ec8-059858c479ca,334191321,2025-09-11,Unknown,25,Connected,completed
https://recordings.salesloft.com/c/101314/d2a02322-ab21-4f86-affa-27b43f131d02,334191294,2025-09-11,Unknown,50,Left Voicemail,completed
https://recordings.salesloft.com/c/101314/11e22694-609c-4805-bbce-6a819a55f0ae,334190924,2025-09-11,Unknown,43,Connected,completed
https://recordings.salesloft.com/c/101314/6bbb7541-659b-45fc-91b7-195e6223a44a,334190694,2025-09-11,Unknown,23,No Answer,completed
https://recordings.salesloft.com/c/101314/a0315f43-88d9-42de-8dbe-9213da3f25de,334190669,2025-09-11,Unknown,7,No Answer,completed
https://recordings.salesloft.com/c/101314/341b4ea4-5918-41fc-af87-920a17b0e027,334190259,2025-09-11,Unknown,40,No Answer,completed
https://recordings.salesloft.com/c/101314/9af09c28-5c42-4bc9-9e8d-52bb2938ae41,334190200,2025-09-11,Unknown,45,No Answer,completed
https://recordings.salesloft.com/c/101314/ea64c0ee-f47c-479c-ae38-dfc3c0c121ea,334189924,2025-09-11,Unknown,7,No Answer,completed
https://recordings.salesloft.com/c/101314/6d121708-7bde-4524-afd2-3e1da0d97e48,334189895,2025-09-11,Unknown,31,Left Voicemail,completed
https://recordings.salesloft.com/c/101314/0f70d4a4-cd88-4fb9-96ea-703463046b2b,334189770,2025-09-11,Unknown,20,No Answer,completed
https://recordings.salesloft.com/c/101314/54f154c8-302e-4368-818c-1eb47920abb1,334189698,2025-09-11,Unknown,5,No Answer,completed
https://recordings.salesloft.com/c/101314/a1154236-36c9-43a2-95b7-5a201d4a69c1,334189628,2025-09-11,Unknown,8,No Answer,completed
https://recordings.salesloft.com/c/101314/5e151dec-8111-4e65-9643-23629bdafa95,334189575,2025-09-11,Unknown,32,No Answer,completed
https://recordings.salesloft.com/c/101314/c1331674-cd2e-4b09-84c9-d031c6e97179,334189391,2025-09-11,Unknown,2,No Answer,completed
https://recordings.salesloft.com/c/101314/88dfaea6-0544-472a-8b98-c4ed1f533d3e,334189352,2025-09-11,Unknown,6,No Answer,completed
https://recordings.salesloft.com/c/101314/99f914ff-35cf-4f4a-911f-dd7f4e638602,334189054,2025-09-11,Unknown,43,No Answer,completed
https://recordings.salesloft.com/c/101314/be74deea-281f-4b8e-ac20-5393cc5aca91,334188985,2025-09-11,Unknown,110,Left Voicemail,completed
https://recordings.salesloft.com/c/101314/c2269e6e-f466-47c9-93a8-f24c9cae3fa8,334188876,2025-09-11,Unknown,2,No Answer,completed
https://recordings.salesloft.com/c/101314/b01547cd-fe68-4f21-b440-8304d4ef8419,334188777,2025-09-11,Unknown,3,No Answer,completed
https://recordings.salesloft.com/c/101314/c0e08972-1bef-4c2d-877a-6bd00978e057,334188681,2025-09-11,Unknown,32,No Answer,completed
https://recordings.salesloft.com/c/101314/f8fa7edb-e5a1-4f69-9877-b0789a4bfbdd,334188504,2025-09-11,Unknown,68,No Answer,completed
https://recordings.salesloft.com/c/101314/29b78809-c549-474f-b9d4-150a81c0e507,334187940,2025-09-11,Unknown,7,No Answer,completed
https://recordings.salesloft.com/c/101314/908370b3-031f-4d8f-b7e9-f7bec02383b1,334187738,2025-09-11,Unknown,54,Left Voicemail,completed
https://recordings.salesloft.com/c/101314/14d9445a-5444-4b8d-8c89-7d31b54820ff,334187672,2025-09-11,Unknown,42,No Answer,completed
https://recordings.salesloft.com/c/101314/0f1775fb-3543-4d73-8b60-57fac1901116,334187222,2025-09-11,Unknown,108,Connected,completed
https://recordings.salesloft.com/c/101314/f34949c6-928e-4b33-910a-07478076b663,334186919,2025-09-11,Unknown,32,No Answer,completed
https://recordings.salesloft.com/c/101314/7dc39bdd-713a-4109-abec-1bac77f401fe,334186775,2025-09-11,Unknown,32,No Answer,completed
https://recordings.salesloft.com/c/101314/50850153-72c8-46bc-92d7-2fcdc9b6f91a,334186283,2025-09-11,Unknown,6,No Answer,completed
https://recordings.salesloft.com/c/101314/a7b4e0e2-476d-4da1-82e9-c53a2d63d921,334186131,2025-09-11,Unknown,159,Connected,completed
https://recordings.salesloft.com/c/101314/8f8303f2-e747-425c-a123-daf30032bd16,334184594,2025-09-11,Unknown,187,Left Voicemail,completed
https://recordings.salesloft.com/c/101314/186ea179-2b64-41f2-a2d9-6176d43e1970,334184465,2025-09-11,Unknown,127,Left Voicemail,completed
https://recordings.salesloft.com/c/101314/04e766d4-92b4-48a4-a991-7da69df2f8cb,334183344,2025-09-11,Unknown,24,No Answer,completed
https://recordings.salesloft.com/c/101314/83b80e73-af39-46a9-8e08-f7bdba9aa843,334183035,2025-09-11,Unknown,23,No Answer,completed
https://recordings.salesloft.com/c/101314/59776de3-f7d6-48dd-94e3-5c40deaf69b3,334182840,2025-09-11,Unknown,6,No Answer,completed
https://recordings.salesloft.com/c/101314/7a29b2ae-91d0-4426-9912-b49606ccf1e0,334180806,2025-09-11,Unknown,7,No Answer,completed
https://recordings.salesloft.com/c/101314/dfb7c85f-6e05-45f9-9178-6e6d052a9b3a,334180815,2025-09-11,Unknown,5,No Answer,completed
https://recordings.salesloft.com/c/101314/c5703ed7-014e-4541-92f1-32e94de47569,334180390,2025-09-11,Unknown,5,No Answer,completed
https://recordings.salesloft.com/c/101314/7275b52c-ab18-43a9-aa94-8f0a263ffffd,334180113,2025-09-11,Unknown,6,No Answer,completed
https://recordings.salesloft.com/c/101314/da3d8b90-54fe-4e0a-8ff8-74e5188fb69c,334179631,2025-09-11,Unknown,3,No Answer,completed
https://recordings.salesloft.com/c/101314/588f5b6d-41d1-41cf-91e8-5c074fee0dc7,334179168,2025-09-11,Unknown,3,No Answer,completed
https://recordings.salesloft.com/c/101314/11ac95bf-cd39-426d-a3af-ef05dddf1891,334178666,2025-09-11,Unknown,3,No Answer,completed
https://recordings.salesloft.com/c/101314/ebe092ad-1f27-4ce8-ba0e-d892b64213c2,334178369,2025-09-11,Unknown,5,No Answer,completed
https://recordings.salesloft.com/c/101314/b44a77e3-54e9-48a7-a1f7-160843fac414,334178240,2025-09-11,Unknown,3,No Answer,completed
https://recordings.salesloft.com/c/101314/1b4d77b1-b18b-4782-b247-6401dd0ea2c9,334177259,2025-09-11,Unknown,219,Connected - Meeting Booked,completed
https://recordings.salesloft.com/c/101314/c3a12046-7ee0-4e55-b43a-4f4868eaaa80,334177177,2025-09-11,Unknown,19,No Answer,completed
https://recordings.salesloft.com/c/101314/31632ddf-7ec8-4447-8707-a4d4e3648c83,334176885,2025-09-11,Unknown,2,No Answer,completed
https://recordings.salesloft.com/c/101314/f3746975-93ab-467a-99b1-d3fea3808ea9,334176860,2025-09-11,Unknown,67,No Answer,completed
https://recordings.salesloft.com/c/101314/afbdb19d-8af8-4ebc-92c3-1d67b87c729b,334176819,2025-09-11,Unknown,7,No Answer,completed
https://recordings.salesloft.com/c/101314/6f45ccc0-4600-4c0a-9bc8-8a32b308598d,334176370,2025-09-11,Unknown,6,No Answer,completed
https://recordings.salesloft.com/c/101314/6899b78a-dd4d-4910-9cf6-8a30aebe2f67,334175993,2025-09-11,Unknown,4,Left Voicemail,completed
https://recordings.salesloft.com/c/101314/43bd4c74-2678-4847-9a25-6fa0573eb251,334175891,2025-09-11,Unknown,5,No Answer,completed
https://recordings.salesloft.com/c/101314/f60142aa-4814-40f0-920c-c2642e7c426c,334174622,2025-09-11,Unknown,70,Connected,completed
https://recordings.salesloft.com/c/101314/b8ab8c79-f02e-414c-b2cc-00e7c893c81f,334174011,2025-09-11,Unknown,4,No Answer,completed
https://recordings.salesloft.com/c/101314/af1b57d4-8e41-42b1-bea5-e288d8e1ac8d,334173522,2025-09-11,Unknown,5,No Answer,completed
https://recordings.salesloft.com/c/101314/27057168-343f-48fd-bbf3-594f3bbe1f71,334173337,2025-09-11,Unknown,7,No Answer,completed
https://recordings.salesloft.com/c/101314/fa40609e-ae38-4183-bcc4-3dde54c5001e,334172721,2025-09-11,Unknown,61,No Answer,completed
https://recordings.salesloft.com/c/101314/fbd84836-0082-4286-94c1-4976d039e56d,334172721,2025-09-11,Unknown,61,No Answer,completed
https://recordings.salesloft.com/c/101314/2d7db4c0-53c9-4be4-bc07-661057a4fa52,334172281,2025-09-11,Unknown,35,No Answer,completed
https://recordings.salesloft.com/c/101314/c3991010-d259-4a0d-9256-e6738adfcc2c,334172261,2025-09-11,Unknown,3,No Answer,completed
https://recordings.salesloft.com/c/101314/4dcb0dae-7bf4-4571-9604-12d9972d1e21,334172107,2025-09-11,Unknown,4,No Answer,completed
https://recordings.salesloft.com/c/101314/1652d1ae-ecc0-4d8e-adee-07b7ae4f7688,334171870,2025-09-11,Unknown,3,No Answer,completed
https://recordings.salesloft.com/c/101314/18998b07-6a84-4ffc-a71a-d7973b576564,334171805,2025-09-11,Unknown,10,No Answer,completed
https://recordings.salesloft.com/c/101314/ab0163ff-97cc-4c62-9b0a-5ea19818baf3,334171762,2025-09-11,Unknown,5,No Answer,completed
https://recordings.salesloft.com/c/101314/1c54c16e-e106-4b00-b1e5-29a336806261,334171506,2025-09-11,Unknown,2,No Answer,completed
https://recordings.salesloft.com/c/101314/711d56b4-d853-420e-b08f-75319c5bc2b6,334171358,2025-09-11,Unknown,133,Left Voicemail,completed
https://recordings.salesloft.com/c/101314/bf927bde-7372-4a84-995b-ab6209dc9b0d,334171191,2025-09-11,Unknown,2,No Answer,completed
https://recordings.salesloft.com/c/101314/ddccaa12-a5e8-400d-976d-f3d0c05932e6,334171065,2025-09-11,Unknown,2,No Answer,completed
https://recordings.salesloft.com/c/101314/5a76785c-075c-4c90-bcc6-ac3541df4e0e,334171070,2025-09-11,Unknown,69,No Answer,completed
https://recordings.salesloft.com/c/101314/2593552e-8265-4da8-b6da-66914245f2d9,334170773,2025-09-11,Unknown,27,No Answer,completed
https://recordings.salesloft.com/c/101314/73e9f9af-aeb7-4be9-a67e-01164848692a,334170711,2025-09-11,Unknown,3,No Answer,completed
https://recordings.salesloft.com/c/101314/2e139d60-a19c-424f-81b3-3d58f5e49ac9,334170284,2025-09-11,Unknown,102,Left Voicemail,completed
https://recordings.salesloft.com/c/101314/af63d3a5-3ede-4edc-b068-d7acf14b62c0,334170156,2025-09-11,Unknown,8,No Answer,completed
https://recordings.salesloft.com/c/101314/d4d56e1b-18ec-4791-8995-09ceb8059f58,334170019,2025-09-11,Unknown,63,Left Voicemail,completed
https://recordings.salesloft.com/c/101314/4f121df8-d5a4-4d62-91f5-b8e945314e54,334169390,2025-09-11,Unknown,3,No Answer,completed
https://recordings.salesloft.com/c/101314/cd75192c-dac2-42f5-a082-171677507329,334169178,2025-09-11,Unknown,34,No Answer,completed
https://recordings.salesloft.com/c/101314/a5444e45-5ec5-43e6-9dd0-371f5ecee9c3,334168873,2025-09-11,Unknown,4,No Answer,completed
https://recordings.salesloft.com/c/101314/89a0d5eb-fe23-463b-8130-6fdafc4766ae,334168668,2025-09-11,Unknown,83,No Answer,completed
https://recordings.salesloft.com/c/101314/27b373da-e814-4811-9b7b-43fa409cca93,334168005,2025-09-11,Unknown,5,No Answer,completed
https://recordings.salesloft.com/c/101314/4449ab38-01cd-4cd6-89bc-5741781ca973,334167062,2025-09-11,Unknown,40,Left Voicemail,completed
https://recordings.salesloft.com/c/101314/9b71ccf5-99d9-4045-882f-6fba5fa7a386,334166972,2025-09-11,Unknown,86,No Answer,completed
https://recordings.salesloft.com/c/101314/60d9a165-b04c-4f39-a1ec-35cb5a87f4e2,334166972,2025-09-11,Unknown,86,No Answer,completed
https://recordings.salesloft.com/c/101314/e66bd21c-bf40-4bc2-b57c-af9d4d93ed95,334166834,2025-09-11,Unknown,3,No Answer,completed
https://recordings.salesloft.com/c/101314/cdf0ffd9-4375-4805-87ab-e76198acc025,334166711,2025-09-11,Unknown,1,No Answer,completed
https://recordings.salesloft.com/c/101314/7f0a8307-8384-4f71-9e2c-25ccdeace5ee,334166447,2025-09-11,Unknown,4,No Answer,completed
https://recordings.salesloft.com/c/101314/76afa023-2919-451f-9754-c3c25e82ecaa,334166390,2025-09-11,Unknown,3,No Answer,completed
https://recordings.salesloft.com/c/101314/e73e5c01-92f1-4cd4-855f-b2bcec490db2,334166187,2025-09-11,Unknown,10,No Answer,completed
https://recordings.salesloft.com/c/101314/c0bfea24-db28-475c-be37-db337fdd7d3f,334165999,2025-09-11,Unknown,36,No Answer,completed
https://recordings.salesloft.com/c/101314/eb70e47e-c61c-414a-96f4-9765078d91fb,334165946,2025-09-11,Unknown,5,No Answer,completed
https://recordings.salesloft.com/c/101314/adb523f0-3a8b-49b1-a9ad-3fde02cec513,334165656,2025-09-11,Unknown,3,No Answer,completed
https://recordings.salesloft.com/c/101314/a582e1fb-a349-46b9-9067-6e2d6035e81b,334165649,2025-09-11,Unknown,6,No Answer,completed
https://recordings.salesloft.com/c/101314/bc499118-7d39-4ae1-a0cd-f10faa66a496,334165463,2025-09-11,Unknown,3,No Answer,completed
https://recordings.salesloft.com/c/101314/b236a747-f517-4455-87ab-40c138591fe7,334165367,2025-09-11,Unknown,16,No Answer,completed
https://recordings.salesloft.com/c/101314/887b39d3-80bc-4fbf-80f4-f771771e705b,334165288,2025-09-11,Unknown,20,No Answer,completed
https://recordings.salesloft.com/c/101314/ceac669d-fbdd-4b23-aba3-b49d8023d88d,334165162,2025-09-11,Unknown,32,No Answer,completed
https://recordings.salesloft.com/c/101314/c0dc8986-341d-4843-8063-39e9b90a1285,334165064,2025-09-11,Unknown,37,Left Voicemail,completed
https://recordings.salesloft.com/c/101314/5d0c414c-212b-4a23-a836-322b8722acbc,334164969,2025-09-11,Unknown,2,No Answer,completed
https://recordings.salesloft.com/c/101314/4ff2108a-ca5d-446a-882a-9457dd3e729c,334164904,2025-09-11,Unknown,2,No Answer,completed
https://recordings.salesloft.com/c/101314/578f886f-d89b-4263-b2ba-66bd3bdb767f,334164681,2025-09-11,Unknown,3,No Answer,completed
https://recordings.salesloft.com/c/101314/4937fb4a-580e-4a3b-b01d-543c2b0e4ca0,334164458,2025-09-11,Unknown,1,No Answer,completed
https://recordings.salesloft.com/c/101314/30e3bb98-c931-4afa-9b0f-da277c716c4d,334164381,2025-09-11,Unknown,3,No Answer,completed
https://recordings.salesloft.com/c/101314/c20507f3-1c4a-4b4e-ad89-94ac9aa667b8,334164173,2025-09-11,Unknown,2,No Answer,completed
https://recordings.salesloft.com/c/101314/38845a97-b40e-4f58-b60e-b805a1d46c5c,334164029,2025-09-11,Unknown,10,No Answer,completed
https://recordings.salesloft.com/c/101314/eb51be83-635e-4f6e-80c8-9762c2ef5a2f,334163883,2025-09-11,Unknown,9,No Answer,completed
https://recordings.salesloft.com/c/101314/58e7c3ac-a9ba-45eb-857b-24494bc4d4c6,334163791,2025-09-11,Unknown,2,No Answer,completed
https://recordings.salesloft.com/c/101314/2ea7b85f-d23c-4884-b9e5-eb172c8dae5d,334163743,2025-09-11,Unknown,41,No Answer,completed
https://recordings.salesloft.com/c/101314/ce0d48c4-b9dc-4944-b059-041fd4f62af8,334163675,2025-09-11,Unknown,4,No Answer,completed
https://recordings.salesloft.com/c/101314/52d9af8e-244d-4f0e-ab2d-947aaf39805e,334163563,2025-09-11,Unknown,6,No Answer,completed
https://recordings.salesloft.com/c/101314/f4c1b399-27b4-4e6b-9f86-f25311790622,334163401,2025-09-11,Unknown,2,No Answer,completed
https://recordings.salesloft.com/c/101314/ecb23ef5-9997-47bf-8f96-d014ef3a0de7,334163344,2025-09-11,Unknown,6,No Answer,completed
https://recordings.salesloft.com/c/101314/16f78e97-577d-4679-b4b3-b1829a74cf1e,334163289,2025-09-11,Unknown,3,No Answer,completed
https://recordings.salesloft.com/c/101314/6ba9cca0-1b24-48bd-9ab3-e2fb9c539b66,334163198,2025-09-11,Unknown,3,No Answer,completed
https://recordings.salesloft.com/c/101314/39d2eeef-0636-453c-81c3-6d17a8930dd4,334163086,2025-09-11,Unknown,47,No Answer,completed
https://recordings.salesloft.com/c/101314/9d10130d-e2b5-488c-a99e-19f90c8a1394,334163037,2025-09-11,Unknown,3,No Answer,completed
https://recordings.salesloft.com/c/101314/93e546b5-fa22-438f-affb-7e18edb98c39,334163013,2025-09-11,Unknown,4,No Answer,completed
https://recordings.salesloft.com/c/101314/cc4d3123-f43b-48b7-be5b-f878b1340efa,334162832,2025-09-11,Unknown,7,No Answer,completed
https://recordings.salesloft.com/c/101314/f1b3ee5a-c7c0-42a4-a62d-2bc370e8db7e,334162743,2025-09-11,Unknown,4,No Answer,completed
https://recordings.salesloft.com/c/101314/ee6a2e23-b35c-4899-9337-57d5d267ca6f,334162608,2025-09-11,Unknown,55,No Answer,completed
https://recordings.salesloft.com/c/101314/7ce737d6-d4dd-47c9-84c0-e5a0d66f17c5,334162562,2025-09-11,Unknown,4,No Answer,completed
https://recordings.salesloft.com/c/101314/a023b140-98c6-4fa7-982b-014867c450ec,334162273,2025-09-11,Unknown,3,No Answer,completed
https://recordings.salesloft.com/c/101314/d13d6d5a-d7d8-4b10-9a63-ce3a342df219,334162182,2025-09-11,Unknown,5,No Answer,completed
https://recordings.salesloft.com/c/101314/c0396dcb-1640-4075-9ef9-c8be962f6a8a,334162149,2025-09-11,Unknown,70,Connected,completed
https://recordings.salesloft.com/c/101314/cd1b8c38-9fdc-4ff8-aa9d-5b62e6437803,334162008,2025-09-11,Unknown,2,No Answer,completed
https://recordings.salesloft.com/c/101314/23cd9bb3-3774-49b4-9d3a-4534d53f69ed,334161975,2025-09-11,Unknown,39,Connected,completed
https://recordings.salesloft.com/c/101314/f2bb7547-d317-4cb8-aab0-2c1a064d8d7a,334161923,2025-09-11,Unknown,23,No Answer,completed
https://recordings.salesloft.com/c/101314/1e0c0c71-bf60-4cbd-a5a2-42f0c18102a2,334161557,2025-09-11,Unknown,3,No Answer,completed
https://recordings.salesloft.com/c/101314/6339d552-3326-4285-9276-2c5f91ce5e71,334161507,2025-09-11,Unknown,39,No Answer,completed
https://recordings.salesloft.com/c/101314/5532c505-87f3-478d-8f1d-2a7e479ee8bf,334161263,2025-09-11,Unknown,2,No Answer,completed
https://recordings.salesloft.com/c/101314/1b3de2d3-df91-43b7-8278-83d896d7f97b,334161157,2025-09-11,Unknown,2,No Answer,completed
https://recordings.salesloft.com/c/101314/bb361c2b-121d-4685-86a7-a04443622bd9,334161064,2025-09-11,Unknown,4,No Answer,completed
https://recordings.salesloft.com/c/101314/b29bd740-2190-4ad0-a510-9b20829e1eaf,334161023,2025-09-11,Unknown,38,No Answer,completed
https://recordings.salesloft.com/c/101314/ad03b9dd-8876-4c6b-9d1c-0422619724ba,334160601,2025-09-11,Unknown,19,No Answer,completed
https://recordings.salesloft.com/c/101314/e24a7333-a8a2-42f7-8241-a907738786d9,334160549,2025-09-11,Unknown,5,No Answer,completed
https://recordings.salesloft.com/c/101314/f46802ca-6698-40ce-8f01-d02b1819b173,334160474,2025-09-11,Unknown,2,Left Voicemail,completed
https://recordings.salesloft.com/c/101314/551b87dc-2e3d-4fe8-926f-86b3f51aaecd,334160431,2025-09-11,Unknown,3,No Answer,completed
https://recordings.salesloft.com/c/101314/be5a3c5d-caab-441e-9a88-8fdad87d4032,334160371,2025-09-11,Unknown,21,No Answer,completed
https://recordings.salesloft.com/c/101314/f75c97f0-db36-4002-b502-ca224cfd26b7,334160332,2025-09-11,Unknown,9,No Answer,completed
https://recordings.salesloft.com/c/101314/e3e94ae9-bd54-414f-a7d2-613b0eef27c6,334160191,2025-09-11,Unknown,8,No Answer,completed
https://recordings.salesloft.com/c/101314/7ea2a072-13c3-4f27-b91a-f89b134016a8,334160190,2025-09-11,Unknown,3,No Answer,completed
https://recordings.salesloft.com/c/101314/955fecc8-fd88-4143-8fc3-a84253043048,334160079,2025-09-11,Unknown,6,No Answer,completed
https://recordings.salesloft.com/c/101314/28860b4f-8d75-40ce-a30c-465bdbf9d8a1,334160043,2025-09-11,Unknown,6,No Answer,completed
https://recordings.salesloft.com/c/101314/ce09ff16-4c05-498e-a3de-a2e45375f1a4,334159996,2025-09-11,Unknown,35,No Answer,completed
https://recordings.salesloft.com/c/101314/065e4f6d-4630-4c4f-8ae5-d6cdd721478c,334159885,2025-09-11,Unknown,6,No Answer,completed
https://recordings.salesloft.com/c/101314/2cb5aabd-56d4-4e3b-8b3e-994cced59b4a,334159750,2025-09-11,Unknown,8,No Answer,completed
https://recordings.salesloft.com/c/101314/da9816c1-7e64-4403-b1e0-cb5e75e8bee5,334159619,2025-09-11,Unknown,8,No Answer,completed
https://recordings.salesloft.com/c/101314/d82f7ad0-f17a-4253-915e-e4302cc44444,334159580,2025-09-11,Unknown,4,No Answer,completed
https://recordings.salesloft.com/c/101314/dd7809fa-51a2-49f2-b4cb-8fc477fff6b1,334159514,2025-09-11,Unknown,5,No Answer,completed
https://recordings.salesloft.com/c/101314/ad6363af-0aed-41b1-aa8d-6925ea84c944,334159389,2025-09-11,Unknown,2,No Answer,completed
https://recordings.salesloft.com/c/101314/a08035be-ce1d-41f1-a77f-c4b1d0d7825b,334159407,2025-09-11,Unknown,2,No Answer,completed
https://recordings.salesloft.com/c/101314/bf10cc35-d601-43ad-a499-371750f31953,334159316,2025-09-11,Unknown,8,No Answer,completed
https://recordings.salesloft.com/c/101314/e0d8e3bf-969e-4e5b-8137-ab2568849940,334159221,2025-09-11,Unknown,27,No Answer,completed
https://recordings.salesloft.com/c/101314/a2db2563-4601-4f36-9e9f-18b69ae58e1b,334159146,2025-09-11,Unknown,2,No Answer,completed
https://recordings.salesloft.com/c/101314/acf55271-e153-4e90-94a4-a9fa45683b8f,334159089,2025-09-11,Unknown,40,No Answer,completed
https://recordings.salesloft.com/c/101314/3bf1766a-b9f6-423e-8330-5c8290d992e7,334158973,2025-09-11,Unknown,3,No Answer,completed
https://recordings.salesloft.com/c/101314/09fb6f02-ad75-4bc8-9ecc-2cc368ea81d4,334158759,2025-09-11,Unknown,2,No Answer,completed
https://recordings.salesloft.com/c/101314/eb835899-58fe-4767-9faa-df47b89da338,334158726,2025-09-11,Unknown,4,No Answer,completed
https://recordings.salesloft.com/c/101314/310eca7c-8d0a-4b83-bce0-c3ba6ad3cc73,334158656,2025-09-11,Unknown,2,No Answer,completed
https://recordings.salesloft.com/c/101314/a2072387-626f-47bf-bb40-8fa50e88cc02,334158622,2025-09-11,Unknown,28,Connected,completed
https://recordings.salesloft.com/c/101314/562a6a3c-c9ea-462e-aa04-79b57e20a5af,334158567,2025-09-11,Unknown,4,No Answer,completed
https://recordings.salesloft.com/c/101314/5d117b85-1c2c-4c85-9900-25e34fcc2119,334158526,2025-09-11,Unknown,3,No Answer,completed
https://recordings.salesloft.com/c/101314/e79f61a6-398c-4345-8536-4a387ca9bee5,334158468,2025-09-11,Unknown,6,No Answer,completed
https://recordings.salesloft.com/c/101314/b25bf902-ca6f-4924-99ba-dd64415b0e39,334158333,2025-09-11,Unknown,6,No Answer,completed
https://recordings.salesloft.com/c/101314/439a1f88-6cc9-4e59-ba38-e63999f7ebf0,334158225,2025-09-11,Unknown,2,No Answer,completed
https://recordings.salesloft.com/c/101314/3038ee86-a50d-4c97-b118-ce20ed113b32,334158193,2025-09-11,Unknown,6,No Answer,completed
https://recordings.salesloft.com/c/101314/a67b77dc-6fc2-436c-bc92-f50c96bd69f4,334158174,2025-09-11,Unknown,2,No Answer,completed
https://recordings.salesloft.com/c/101314/41e7d406-a088-4663-b0d3-1c946f73c39f,334158114,2025-09-11,Unknown,5,No Answer,completed
https://recordings.salesloft.com/c/101314/c56b02eb-8766-46c5-a894-bd99fbbf5685,334158004,2025-09-11,Unknown,3,No Answer,completed
https://recordings.salesloft.com/c/101314/3ac0d288-a94b-4230-9440-dd323e35bbbc,334157955,2025-09-11,Unknown,3,No Answer,completed
https://recordings.salesloft.com/c/101314/bf1d19be-7ac6-4a42-bc91-08d8faa1049d,334157874,2025-09-11,Unknown,4,No Answer,completed
https://recordings.salesloft.com/c/101314/b9042df2-2539-4a40-a6cd-d226f2353aa3,334157804,2025-09-11,Unknown,62,No Answer,completed
https://recordings.salesloft.com/c/101314/46475a5c-8f8a-4bd5-9606-5c528c09b144,334157559,2025-09-11,Unknown,2,No Answer,completed
https://recordings.salesloft.com/c/101314/97a7bfff-a653-4a08-9a58-fc04cd35ff37,334157346,2025-09-11,Unknown,11,No Answer,completed
https://recordings.salesloft.com/c/101314/524bc180-1caa-47cb-bdbf-fc8509a634f2,334157113,2025-09-11,Unknown,34,Connected,completed
https://recordings.salesloft.com/c/101314/7eb3cd87-ba68-49ea-8ffa-fe0a021119ee,334157039,2025-09-11,Unknown,60,No Answer,completed
https://recordings.salesloft.com/c/101314/60195d79-50b5-47d1-9acb-a45519316051,334156917,2025-09-11,Unknown,7,No Answer,completed
